seed,budget_seconds,policy_cost,milp_oracle_cost_from_cache,gap_closure,serve_all_flag,n_window_solves,n_solves_hit_time_limit,n_solves_no_incumbent,n_solves_fallback_fired,measured_total_solve_seconds,measured_mean_per_decision_seconds,n_decisions,measured_total_build_seconds,mean_build_s,mean_solve_s,instance_wall_clock_seconds
90000,1.0,297.6759771154395,,,1,59,47,32,32,49.30865257990081,0.8357398742356069,70,7.4393968741060235,0.12609147244247498,0.8357398742356069,57.0144056249992
90001,1.0,349.3490737281801,,,1,67,49,31,31,51.39296649687458,0.7670592014458892,83,7.290837544947863,0.10881847082011735,0.7670592014458892,58.94891875004396
90002,1.0,328.1101227332916,,,1,68,50,34,34,51.35610221180832,0.7552367972324753,81,8.426571084128227,0.12392016300188569,0.7552367972324753,60.07817129098112
90003,1.0,261.64802617745994,,,1,50,36,26,26,39.868940581800416,0.7973788116360083,64,5.544151835201774,0.11088303670403547,0.7973788116360083,45.61314400000265
90004,1.0,225.84583802417635,,,1,45,35,20,20,35.875295750796795,0.797228794462151,56,4.860247960023116,0.10800551022273591,0.797228794462151,40.92439879197627
90005,1.0,364.3517056446936,,,1,69,53,36,36,56.92183212708915,0.8249540887983934,86,9.51792258390924,0.13794090701317738,0.8249540887983934,66.77315858297516
90006,1.0,311.2541401122958,,,1,58,39,17,17,40.85863662412157,0.7044592521400271,74,4.484097669890616,0.07731202879121751,0.7044592521400271,45.544066666974686
90007,1.0,358.4406853667139,,,1,68,55,33,33,56.52150345308473,0.8311985801924225,84,9.025402047089301,0.13272650069248973,0.8311985801924225,65.87107475002995
90008,1.0,312.2820599986941,,,1,61,46,30,30,48.0493487517233,0.7876942418315295,74,6.6138281702878885,0.1084234126276703,0.7876942418315295,54.91787025000667
90009,1.0,359.72526347853915,,,1,65,53,28,28,53.87647541734623,0.8288688525745573,85,9.724325544084422,0.14960500837052956,0.8288688525745573,63.95276349998312
90010,1.0,258.7492245804747,,,1,52,40,24,24,43.25791304395534,0.8318829431529873,64,5.835027160937898,0.11221206078726727,0.8318829431529873,49.330138958001044
90011,1.0,345.5589165328169,,,1,60,45,28,28,48.34028758108616,0.8056714596847693,80,7.4647190408431925,0.1244119840140532,0.8056714596847693,56.08147595799528
90012,1.0,257.0812330607232,,,1,54,41,27,27,42.73284475383116,0.7913489769227993,65,6.7929087060038,0.12579460566673703,0.7913489769227993,49.78222516702954
90013,1.0,212.53004548105974,,,1,44,32,22,22,34.47984238085337,0.7836327813830312,55,4.989839290850796,0.11340543842842718,0.7836327813830312,39.65687754098326
90014,1.0,366.6979358938216,,,1,72,56,35,35,58.5495890849852,0.8131887372914611,86,8.232275126094464,0.11433715452908978,0.8131887372914611,67.08464012498735
90015,1.0,243.93309866129908,,,1,51,37,23,23,38.21376016893191,0.7492894150770963,61,4.31415507895872,0.08459127605801411,0.7492894150770963,42.69783954200102
90016,1.0,300.83863528849776,,,1,57,45,25,25,47.65680412721122,0.8360842829335301,70,4.948880418785848,0.08682246348747101,0.8360842829335301,52.80024599999888
90017,1.0,356.58723235478743,,,1,67,51,32,32,53.72176757710986,0.8018174265240278,83,5.986825502070133,0.08935560450850945,0.8018174265240278,59.944772791990545
90018,1.0,328.8344473685965,,,1,59,39,27,27,44.87536079226993,0.7605993354622022,79,5.899218880105764,0.0999867606797587,0.7605993354622022,50.990945625002496
90019,1.0,311.8002402655105,,,1,65,54,33,33,55.59086462511914,0.855244071155679,79,6.830468333850149,0.10508412821307922,0.855244071155679,62.677330082980916
90020,1.0,307.42050241670586,,,1,62,44,24,24,47.25667784007965,0.7622044812916072,75,5.083919785975013,0.08199870622540344,0.7622044812916072,52.55934354197234
90021,1.0,293.6942159815024,,,1,57,42,21,21,44.83246387593681,0.7865344539638037,70,4.726699584105518,0.08292455410711434,0.7865344539638037,49.75192945898743
90022,1.0,265.9285624573732,,,1,52,40,26,26,44.58878875512164,0.8574767068292624,65,4.286669918743428,0.08243595997583515,0.8574767068292624,49.04650145902997
90023,1.0,287.41771980091846,,,1,55,39,28,28,42.95221425173804,0.7809493500316007,70,4.630727168289013,0.0841950394234366,0.7809493500316007,47.75690708402544
90024,1.0,355.31056850977814,,,1,70,56,44,44,57.20772991597187,0.8172532845138838,85,7.365691462706309,0.10522416375294727,0.8172532845138838,64.82590958295623
90025,1.0,272.6740398806002,,,1,54,37,25,25,40.25396354182158,0.7454437692929922,67,4.528989586222451,0.08387017752263798,0.7454437692929922,44.95730375003768
90026,1.0,283.32183330159154,,,1,57,44,31,31,45.92534700210672,0.8057078421422231,69,4.831316539959516,0.08475993929753538,0.8057078421422231,50.940502624958754
90027,1.0,179.14386787365123,,,1,39,27,17,17,28.49799512710888,0.7307178237720225,48,2.8307931682211347,0.07258444021079832,0.7307178237720225,31.446146000002045
90028,1.0,225.09643818218154,,,1,46,34,20,20,35.830786670267116,0.7789301450058069,57,3.2059202877571806,0.06969391929906914,0.7789301450058069,39.17436616704799
90029,1.0,233.9702992440633,,,1,45,29,18,18,31.73092408379307,0.7051316463065127,60,3.345811411330942,0.07435136469624316,0.7051316463065127,35.21065595798427
90030,1.0,429.46081820601603,,,1,80,62,41,41,66.59597166569438,0.8324496458211798,100,8.120774290990084,0.10150967863737606,0.8324496458211798,75.01146316697123
90031,1.0,310.12288116178945,,,1,60,47,22,22,49.632838587858714,0.8272139764643119,73,5.577896828996018,0.09296494714993363,0.8272139764643119,55.46002704196144
90032,1.0,325.06828239310767,,,1,64,47,34,34,50.18370904069161,0.7841204537608064,78,5.797529458242934,0.09058639778504585,0.7841204537608064,56.194418582948856
90033,1.0,339.0965767411933,,,1,64,50,32,32,53.9252474149107,0.8425819908579797,80,5.4307305390248075,0.08485516467226262,0.8425819908579797,59.57330370799173
90034,1.0,177.97865270863343,,,1,39,26,14,14,27.886167749005836,0.715029942282201,50,2.6809635480167344,0.06874265507735217,0.715029942282201,30.680952750029974
90035,1.0,271.0048292717347,,,1,53,39,23,23,39.8124783373205,0.7511788365532169,67,4.3834127959562466,0.08270590181049522,0.7511788365532169,44.369764834002126
90036,1.0,271.8529372482258,,,1,50,35,19,19,37.90432962978957,0.7580865925957915,64,3.4974910383461975,0.06994982076692395,0.7580865925957915,41.54899804195156
90037,1.0,275.50681806921415,,,1,56,40,28,28,44.052595039014705,0.7866534828395483,69,4.530211457982659,0.08089663317826178,0.7866534828395483,48.75680758303497
90038,1.0,389.1675412249904,,,1,77,55,33,33,59.122903162031434,0.7678299111952135,90,6.745073125115596,0.08759835227422852,0.7678299111952135,66.15361858299002
90039,1.0,278.61372356614913,,,1,55,38,22,22,40.58505195804173,0.7379100356007587,68,3.979012458003126,0.07234568105460229,0.7379100356007587,44.728986333007924
90040,1.0,310.4469765297282,,,1,62,49,33,33,51.50039571005618,0.8306515437105836,76,6.014142162865028,0.09700229294943594,0.8306515437105836,57.74291999998968
90041,1.0,,,,0,86,71,50,50,75.30032213125378,0.8755851410610904,101,9.157508535077795,0.10648265738462553,0.8755851410610904,84.78662795800483
90042,1.0,245.2801460201066,,,1,52,34,20,20,35.971447834104765,0.6917586121943224,63,3.651693419087678,0.07022487344399381,0.6917586121943224,39.78077987500001
90043,1.0,332.2724228811122,,,1,66,46,33,33,52.36086345970398,0.7933464160561209,81,5.610690959321801,0.08501046908063334,0.7933464160561209,58.184644166962244
90044,1.0,320.24614522653843,,,1,59,46,24,24,47.55042953690281,0.8059394836763188,73,3.9934237528359517,0.06768514835315173,0.8059394836763188,51.71298074995866
90045,1.0,341.90836380644987,,,1,68,52,40,40,55.26054174883757,0.8126550257181995,84,6.973468958050944,0.10255101408898447,0.8126550257181995,62.47645629197359
90046,1.0,201.7005388693969,,,1,43,31,19,19,31.76462341687875,0.7387121724855523,53,2.4349460852099583,0.05662665314441764,0.7387121724855523,34.30722383299144
90047,1.0,300.5400501939777,,,1,63,46,28,28,48.930948912748136,0.77668172877378,75,5.999661708192434,0.09523272552686403,0.77668172877378,55.170860457990784
90048,1.0,284.87019846420424,,,1,60,39,25,25,42.96776321128709,0.7161293868547849,71,5.2709028729004785,0.08784838121500797,0.7161293868547849,48.499445167020895
90049,1.0,284.03584624394256,,,1,53,40,21,21,41.76341591402888,0.7879889795099789,69,3.9451759980875067,0.07443728298278314,0.7879889795099789,45.87866433302406
90050,1.0,346.5637101317439,,,1,68,51,31,31,53.45368562533986,0.7860836121373509,84,5.905542001593858,0.08684620590579203,0.7860836121373509,59.58644933300093
90051,1.0,331.3434653156552,,,1,67,51,36,36,52.684395500749815,0.7863342612052211,82,6.176832084893249,0.09219152365512312,0.7863342612052211,59.084248500003014
90052,1.0,369.39904775666736,,,1,70,47,30,30,50.3075280385674,0.7186789719795342,86,6.072097957425285,0.08674425653464693,0.7186789719795342,56.610598666011356
90053,1.0,334.887204582814,,,1,65,48,28,28,50.29781583510339,0.773812551309283,77,5.219541329832282,0.08030063584357357,0.773812551309283,55.722692500043195
90054,1.0,261.1629999292032,,,1,54,40,25,25,41.744020750920754,0.7730374213133473,64,4.104479371162597,0.0760088772437518,0.7730374213133473,46.01301004196284
90055,1.0,271.2858277240677,,,1,50,34,19,19,36.16085375024704,0.7232170750049408,63,3.504865000839345,0.0700973000167869,0.7232170750049408,39.817024416988716
90056,1.0,191.5460759355166,,,1,45,30,16,16,32.86889854178298,0.7304199675951774,51,3.496168293233495,0.07769262873852212,0.7304199675951774,36.514685500005726
90057,1.0,228.33653531944032,,,1,47,37,17,17,38.31238492106786,0.8151571259801672,57,3.5979736646986566,0.0765526311638012,0.8151571259801672,42.06761391600594
90058,1.0,302.32705934615046,,,1,61,43,27,27,45.03289000107907,0.7382440983783454,74,5.259860375081189,0.08622721926362605,0.7382440983783454,50.49339250003686
90059,1.0,287.9339006756343,,,1,58,43,27,27,45.55020512401825,0.7853483642072112,70,5.02445908280788,0.08662860487599792,0.7853483642072112,50.766194791998714
90060,1.0,337.51775759287733,,,1,61,48,19,19,50.64303216483677,0.8302136420465044,79,4.669547123135999,0.07654995283829506,0.8302136420465044,55.52027541602729
90061,1.0,253.16752973010034,,,1,51,36,20,20,37.44130558380857,0.7341432467413446,63,3.831360746815335,0.07512472052579089,0.7341432467413446,41.43041133397492
90062,1.0,335.65311015080397,,,1,67,48,32,32,51.44742666493403,0.7678720397751347,82,6.611516998789739,0.09867935819089163,0.7678720397751347,58.302268208004534
90063,1.0,267.2511052864165,,,1,54,38,27,27,39.951214833243284,0.7398373117267275,66,4.25826762651559,0.07885680789843684,0.7398373117267275,44.374296791967936
90064,1.0,353.2463005855539,,,1,66,45,32,32,48.74774437589804,0.7386021875136066,84,5.122940046188887,0.07762030373013465,0.7386021875136066,54.06167970900424
90065,1.0,271.25333519059365,,,1,56,38,25,25,41.29306912794709,0.7373762344276267,73,4.417287289048545,0.07888013016158116,0.7373762344276267,45.879972791008186
90066,1.0,351.8154831360634,,,1,64,50,31,31,52.06378004612634,0.8134965632207241,78,5.701494461973198,0.08908585096833121,0.8134965632207241,57.98518945800606
90067,1.0,325.0775026819352,,,1,61,46,29,29,46.697814705898054,0.7655379459983288,77,4.596689295896795,0.07535556222781631,0.7655379459983288,51.46992541698273
90068,1.0,261.46541070459995,,,1,58,41,23,23,43.90323779411847,0.7569523757606632,67,5.1020338297239505,0.08796610051248191,0.7569523757606632,49.217534541967325
90069,1.0,287.2777426429746,,,1,53,38,24,24,41.003209543123376,0.7736454630777996,70,3.89670595881762,0.0735227539399551,0.7736454630777996,45.05826420802623
90070,1.0,270.0509345170633,,,1,57,38,23,23,39.390405624115374,0.6910597477914978,67,3.7126269589643925,0.06513380629762092,0.6910597477914978,43.25529737502802
90071,1.0,249.92256145881908,,,1,52,38,26,26,39.05034525011433,0.7509681778868141,62,4.097881456837058,0.07880541263148189,0.7509681778868141,43.310042208991945
90072,1.0,268.12965115475964,,,1,56,40,24,24,41.57643845601706,0.7424364010003046,66,4.93191537167877,0.0880699173514066,0.7424364010003046,46.71101800003089
90073,1.0,276.8039545993764,,,1,51,34,19,19,36.60703874705359,0.7177850734716391,66,3.201332673022989,0.0627712288828037,0.7177850734716391,39.947910791030154
90074,1.0,236.22662524434165,,,1,50,40,22,22,40.76615625509294,0.8153231251018588,62,4.411702290759422,0.08823404581518844,0.8153231251018588,45.35518299997784
90075,1.0,246.89020833753287,,,1,46,34,21,21,36.37217275536386,0.7906994077253013,57,3.510895417886786,0.07632381343232143,0.7906994077253013,40.02314983296674
90076,1.0,251.9132648658154,,,1,54,36,23,23,38.648378792917356,0.7157107183873584,62,3.9666756272199564,0.07345695605962882,0.7157107183873584,42.77428262500325
90077,1.0,378.64453913708076,,,1,73,52,34,34,54.498736543173436,0.7465580348379923,88,5.952048414153978,0.08153490978293121,0.7465580348379923,60.68047999998089
90078,1.0,347.52769661383263,,,1,66,48,34,34,50.99082974897465,0.7725883295299188,83,5.934156165109016,0.0899114570471063,0.7725883295299188,57.14523629198084
90079,1.0,308.56931487468086,,,1,62,45,30,30,47.206921044911724,0.7614019523372859,74,5.282651456946041,0.08520405575719421,0.7614019523372859,52.697161750053056
90080,1.0,229.89477306028078,,,1,49,35,22,22,37.36274141375907,0.7625049268114096,59,4.1161222498631105,0.08400249489516552,0.7625049268114096,41.642555958009325
90081,1.0,314.60943810547235,,,1,58,47,35,35,48.50318062363658,0.8362617348902859,73,5.681137500272598,0.0979506465564241,0.8362617348902859,54.38815670798067
90082,1.0,221.78576394996236,,,1,44,34,19,19,35.243234330264386,0.8009825984150997,56,3.459232999011874,0.07861893179572442,0.8009825984150997,38.84889016597299
90083,1.0,345.1095625956749,,,1,65,46,30,30,49.55829641892342,0.7624353295218987,80,5.543046668928582,0.08527764106043972,0.7624353295218987,55.31644108297769
90084,1.0,337.95050491906994,,,1,64,45,31,31,48.33908687566873,0.7552982324323239,81,6.084706162451766,0.09507353378830885,0.7552982324323239,54.64479187497636
90085,1.0,297.85939267089594,,,1,58,42,23,23,43.72459345887182,0.7538723010150314,73,4.670324373058975,0.08052283401825819,0.7538723010150314,48.58410366700264
90086,1.0,353.5496337061304,,,1,63,53,34,34,55.451273997023236,0.8801789523337021,83,6.593263541290071,0.10465497684587415,0.8801789523337021,62.29273625003407
90087,1.0,286.3190298646718,,,1,58,41,23,23,43.60490908293286,0.751808777291946,71,4.969707162934355,0.08568460625748889,0.751808777291946,48.77980191697134
90088,1.0,230.02451061316899,,,1,46,31,15,15,33.89619207812939,0.7368737408288998,56,2.830723835155368,0.06153747467729061,0.7368737408288998,36.8620952499914
90089,1.0,274.1970894364523,,,1,55,44,27,27,45.4506007929449,0.8263745598717254,69,4.8773447489365935,0.0886789954352108,0.8263745598717254,50.52155050000874
90090,1.0,348.5272893380433,,,1,69,52,36,36,54.89947925385786,0.7956446268675053,85,7.219578874181025,0.10463157788668152,0.7956446268675053,62.37874191603623
90091,1.0,,,,0,84,59,36,36,64.43635966232978,0.7670995197896402,101,8.03023963054875,0.09559809083986606,0.7670995197896402,72.84075670799939
90092,1.0,304.9368344930461,,,1,58,45,30,30,48.61449024948524,0.8381808663704352,71,5.23480716580525,0.09025529596215949,0.8381808663704352,54.048681333020795
90093,1.0,306.8849705637135,,,1,61,44,28,28,47.10454083379591,0.7722055874392771,75,5.478838375129271,0.08981702254310281,0.7722055874392771,52.79465691599762
90094,1.0,322.0506038669079,,,1,63,48,32,32,52.334017207613215,0.8306986858351304,76,6.295804040390067,0.09993339746650899,0.8306986858351304,58.85984691599151
90095,1.0,297.1761313239156,,,1,59,41,30,30,43.594990420970134,0.7388981427283073,74,5.138347000989597,0.0870906271354169,0.7388981427283073,48.92773674998898
90096,1.0,337.14121243544605,,,1,67,45,33,33,50.19670053786831,0.7492044856398256,81,6.4472921340493485,0.0962282408067067,0.7492044856398256,56.883090000017546
90097,1.0,284.3587623395006,,,1,57,38,16,16,40.43547908391338,0.7093943698932171,69,3.7587692940142006,0.06594332094761755,0.7093943698932171,44.375223667011596
90098,1.0,224.34029838328064,,,1,45,31,22,22,33.3744696660433,0.7416548814676288,55,3.19483333081007,0.07099629624022377,0.7416548814676288,36.69796762499027
90099,1.0,333.801411901307,,,1,67,46,28,28,49.850863541068975,0.74404273941894,81,5.707313294056803,0.08518378050831049,0.74404273941894,55.77737016702304
90100,1.0,302.8254559280531,,,1,61,45,30,30,48.80740121030249,0.8001213313164343,74,5.407744578609709,0.08865155046901162,0.8001213313164343,54.42603091697674
90101,1.0,316.83535239514856,,,1,64,46,26,26,47.67838974518236,0.7449748397684743,76,4.6637248755432665,0.07287070118036354,0.7449748397684743,52.540701083955355
90102,1.0,409.2320606163481,,,1,82,62,41,41,64.628553049115,0.788153085964817,99,8.611565540661104,0.10501909195928176,0.788153085964817,73.55503145797411
90103,1.0,311.65718069921604,,,1,64,45,31,31,46.03721357975155,0.719331462183618,77,5.032096669077873,0.07862651045434177,0.719331462183618,51.25189645803766
90104,1.0,326.39512700369147,,,1,65,48,31,31,49.59947120427387,0.7630687877580595,79,5.333859876845963,0.08205938272070713,0.7630687877580595,55.13895108405268
90105,1.0,260.21618309459296,,,1,54,39,24,24,40.87687441293383,0.7569791557950709,64,4.484754790144507,0.08305101463230569,0.7569791557950709,45.53575479099527
90106,1.0,215.8934080776475,,,1,46,31,16,16,33.43989045888884,0.726954140410627,55,2.770572662120685,0.06022984048088446,0.726954140410627,36.33418983401498
90107,1.0,295.33606760511435,,,1,62,43,31,31,47.08693254220998,0.7594666539066126,72,5.418624875950627,0.0873971754185585,0.7594666539066126,52.70597062498564
90108,1.0,415.0508712664749,,,1,77,63,45,45,66.29278491711011,0.8609452586637677,95,7.903277000121307,0.10263996104053645,0.8609452586637677,74.4798015000415
90109,1.0,234.20998018982354,,,1,48,32,20,20,35.58135820471216,0.7412782959315033,57,3.512844500830397,0.0731842604339666,0.7412782959315033,39.23706920898985
90110,1.0,293.7688350579661,,,1,54,36,23,23,38.555833084043115,0.7139969089637614,69,3.4096927099162713,0.06314245759104206,0.7139969089637614,42.10689487494528
90111,1.0,403.37494000466154,,,1,79,60,41,41,61.98021195671754,0.784559645021741,95,7.741505372920074,0.09799373889772245,0.784559645021741,70.00098495802376
90112,1.0,272.4912399655382,,,1,52,34,19,19,36.53381462575635,0.7025733581876221,66,3.9960915418923832,0.07684791426716121,0.7025733581876221,40.694959875021596
90113,1.0,400.1290768673766,,,1,73,57,39,39,60.77886003733147,0.8325871237990612,91,6.152167462161742,0.08427626660495537,0.8325871237990612,67.16484933299944
90114,1.0,331.9614093354202,,,1,69,51,27,27,52.881250827922486,0.7663949395351085,82,5.937332627072465,0.0860482989430792,0.7663949395351085,59.06548766704509
90115,1.0,,,,0,83,68,51,51,72.26257524662651,0.8706334367063435,101,8.867358839081135,0.10683564866362813,0.8706334367063435,81.4353579999879
90116,1.0,343.4405235424778,,,1,65,54,32,32,55.69011670706095,0.8567710262624761,79,6.471318003023043,0.09955873850804682,0.8567710262624761,62.407053374976385
90117,1.0,298.4544728283943,,,1,59,40,27,27,41.56417516700458,0.7044775452034674,73,4.12833541695727,0.06997178672808933,0.7044775452034674,45.854882542043924
90118,1.0,325.0722094815754,,,1,63,49,27,27,50.32579720695503,0.7988221778881751,77,4.944972210156266,0.07849162238343278,0.7988221778881751,55.47379283403279
90119,1.0,405.0827883386847,,,1,77,62,40,40,64.89353054296225,0.8427731239345747,96,8.167748504958581,0.106074655908553,0.8427731239345747,73.36279887502315
90120,1.0,334.56720695805626,,,1,63,46,31,31,48.56502153608017,0.7708733577155582,79,5.737849713885225,0.09107697958547976,0.7708733577155582,54.52202779101208
90121,1.0,364.6020456605491,,,1,67,53,35,35,56.14882545883302,0.8380421710273585,85,6.202423125738278,0.09257347948863101,0.8380421710273585,62.58656083396636
90122,1.0,346.3565988449443,,,1,68,46,30,30,52.98733482888201,0.7792255121894414,86,6.054894837143365,0.08904257113446125,0.7792255121894414,59.280190041987225
90123,1.0,230.6515442822683,,,1,45,35,23,23,36.083483376016375,0.8018551861336972,57,4.112838999950327,0.09139642222111838,0.8018551861336972,40.35380062501645
90124,1.0,353.642848960797,,,1,69,52,35,35,55.9795037949807,0.8112971564489957,84,7.134452617261559,0.10339786401828346,0.8112971564489957,63.38535620900802
90125,1.0,248.67811424328028,,,1,52,38,20,20,40.71404308330966,0.7829623669867243,64,4.065124879125506,0.07817547844472127,0.7829623669867243,44.954472583020106
90126,1.0,293.99056737614427,,,1,59,42,28,28,44.447026957175694,0.7533394399521304,70,4.759894876217004,0.08067618434266108,0.7533394399521304,49.39496020798106
90127,1.0,321.7336062122462,,,1,65,48,28,28,52.19692254520487,0.8030295776185364,77,6.02910374692874,0.09275544226044216,0.8030295776185364,58.46574779198272
90128,1.0,318.4363566014786,,,1,61,50,29,29,50.934247167024296,0.8349876584758081,77,5.100629997730721,0.08361688520870034,0.8349876584758081,56.240505082998425
90129,1.0,283.61865896895523,,,1,59,42,22,22,44.98748208506731,0.7624996963570732,71,4.485306332062464,0.0760221412213977,0.7624996963570732,49.66802187502617
90130,1.0,381.22261250111234,,,1,69,54,37,37,58.038024668814614,0.8411307923016611,90,6.959622961934656,0.10086410089760371,0.8411307923016611,65.24692725000205
90131,1.0,355.4313165598945,,,1,68,48,27,27,51.18261325068306,0.7526854889806333,84,5.05424478900386,0.07432712925005677,0.7526854889806333,56.450164832989685
90132,1.0,272.44136796947834,,,1,52,38,21,21,40.72527850116603,0.7831784327147313,66,3.642412251792848,0.07004638945755477,0.7831784327147313,44.52763029100606
90133,1.0,327.54127516915406,,,1,68,46,34,34,51.7613556633587,0.7611964068140985,81,6.678930754773319,0.09821956992313705,0.7611964068140985,58.68798216700088
90134,1.0,308.818159551943,,,1,63,50,27,27,52.01409820903791,0.8256206064926652,74,5.739204288169276,0.09109848076459168,0.8256206064926652,57.981415166985244
90135,1.0,360.6490942772615,,,1,74,53,30,30,57.21647628938081,0.773195625532173,87,6.133868836972397,0.0828901194185459,0.773195625532173,63.598762542009354
90136,1.0,264.84358016732926,,,1,57,39,20,20,40.96770762722008,0.718731712758247,67,4.266367166710552,0.07484854678439565,0.718731712758247,45.420810624957085
90137,1.0,411.49066164727435,,,1,80,60,40,40,64.0523306641262,0.8006541333015775,97,7.964247043884825,0.0995530880485603,0.8006541333015775,72.36626395903295
90138,1.0,308.194741667185,,,1,61,46,30,30,48.8966958312667,0.8015851775617492,75,4.906519869808108,0.08043475196406734,0.8015851775617492,54.003341374977026
90139,1.0,255.40371075635565,,,1,54,30,22,22,31.953095168748405,0.5917239846064519,65,3.6856924140593037,0.06825356322332043,0.5917239846064519,35.77897262497572
90140,1.0,249.56582013297907,,,1,53,39,22,22,42.541467663948424,0.802669201206574,64,5.798371376120485,0.10940323351170728,0.802669201206574,48.562099708011374
90141,1.0,313.25556255381264,,,1,65,45,28,28,48.13842479005689,0.7405911506162598,76,5.01365175191313,0.07713310387558663,0.7405911506162598,53.356022665975615
90142,1.0,190.01750881036753,,,1,37,27,15,15,28.816153539228253,0.7788149605196825,49,2.7069712909287773,0.07316138624131831,0.7788149605196825,31.63764229096705
90143,1.0,426.76793654546145,,,1,80,61,36,36,64.25860212277621,0.8032325265347027,97,6.638060914934613,0.08297576143668266,0.8032325265347027,71.16642862500157
90144,1.0,236.5462555915457,,,1,51,34,23,23,36.91947342309868,0.7239112435901702,62,4.263252250908408,0.08359318139036094,0.7239112435901702,41.35056554095354
90145,1.0,323.5975565707439,,,1,56,43,22,22,44.38323286885861,0.7925577298010467,72,3.5875886732246727,0.06406408345044058,0.7925577298010467,48.12644345802255
90146,1.0,405.95030608056425,,,1,73,57,34,34,59.85041724995244,0.8198687294514033,95,7.084943622990977,0.09705402223275311,0.8198687294514033,67.20296720799524
90147,1.0,359.5933998750468,,,1,67,49,30,30,52.92068504210329,0.789860970777661,83,5.795652789995074,0.08650228044768768,0.789860970777661,58.948967792035546
90148,1.0,299.70821250010874,,,1,59,47,27,27,47.62601874896791,0.8072206567621679,71,5.105240337899886,0.08652949725254044,0.8072206567621679,52.92936245800229
90149,1.0,271.355848258822,,,1,51,36,21,21,39.3404089557589,0.7713805677599785,65,3.2112872120924294,0.06296641592338097,0.7713805677599785,42.692141208972316
90150,1.0,384.1784468828665,,,1,72,53,37,37,56.31998566596303,0.7822220231383754,90,5.774812084855512,0.08020572340077099,0.7822220231383754,62.31408920802642
90151,1.0,318.2566090605118,,,1,59,44,26,26,47.49282207514625,0.804963086019428,72,4.961472711875103,0.08409275782839158,0.804963086019428,52.654401124978904
90152,1.0,258.56193785825076,,,1,54,41,22,22,43.11102424701676,0.7983523008706807,66,5.0419683360960335,0.0933697840017784,0.7983523008706807,48.35436804196797
90153,1.0,284.94461335125357,,,1,54,37,23,23,40.01794704212807,0.7410730933727421,68,3.9705807071295567,0.07352927235425105,0.7410730933727421,44.152233207947575
90154,1.0,372.2344559793924,,,1,72,58,35,35,62.195621587045025,0.8638280775978475,88,7.42485500103794,0.10312298612552695,0.8638280775978475,69.90748083300423
90155,1.0,279.5390657572033,,,1,59,43,28,28,44.251451703778,0.7500246051487797,69,4.394149584346451,0.07447711159909239,0.7500246051487797,48.81896708300337
90156,1.0,276.99511510131606,,,1,56,38,23,23,40.78481299907435,0.7283002321263277,67,3.618002086819615,0.06460718012177884,0.7283002321263277,44.55854750005528
90157,1.0,200.22474093633792,,,1,42,33,15,15,34.17874050390674,0.8137795358073033,54,3.324348410067614,0.07915115262065749,0.8137795358073033,37.649597333977
90158,1.0,354.34346911929356,,,1,69,55,34,34,56.97814562369604,0.8257702264303773,85,7.415596628270578,0.10747241490247214,0.8257702264303773,64.72570929100038
90159,1.0,295.0086245029538,,,1,53,35,21,21,40.67652003507828,0.7674815100958167,70,3.6545119218644686,0.06895305512951827,0.7674815100958167,44.490900708013214
90160,1.0,157.8138809771398,,,1,37,23,12,12,25.99278321181191,0.7025076543732949,43,1.9338365412550047,0.05226585246635148,0.7025076543732949,28.017720040981658
90161,1.0,384.8705967540088,,,1,77,57,38,38,61.545613084046636,0.7992936764161901,93,7.355391130084172,0.09552456013096328,0.7992936764161901,69.17688366700895
90162,1.0,291.4285460311788,,,1,58,44,25,25,46.240393914224114,0.7972481709348985,70,4.760907753952779,0.0820846164474617,0.7972481709348985,51.19028691702988
90163,1.0,285.12156318104275,,,1,52,36,19,19,38.935074837179855,0.7487514391765356,67,3.626507664041128,0.06974053200079092,0.7487514391765356,42.71689637500094
90164,1.0,433.5595866396665,,,1,82,68,45,45,71.25070449779741,0.8689110304609441,99,7.531593291321769,0.09184869867465573,0.8689110304609441,79.06610370799899
90165,1.0,379.3632885748066,,,1,76,56,35,35,58.285234704846516,0.7669109829585068,91,6.746405333047733,0.08876849122431227,0.7669109829585068,65.28906879201531
90166,1.0,273.7086899889255,,,1,55,42,22,22,43.47628841677215,0.7904779712140391,69,4.529200916411355,0.08234910757111555,0.7904779712140391,48.19387737498619
90167,1.0,290.79628153243266,,,1,60,41,30,30,42.6567470850423,0.7109457847507049,72,4.2137335880543105,0.07022889313423851,0.7109457847507049,47.0331366659957
90168,1.0,284.0612457847617,,,1,58,42,27,27,44.48660650412785,0.7670104569677215,70,4.336841411946807,0.07477312779218633,0.7670104569677215,48.995190916990396
90169,1.0,417.78023505207807,,,1,74,56,40,40,59.5766530832625,0.8050899065305743,94,6.394099374476355,0.08640674830373452,0.8050899065305743,66.20052641700022
90170,1.0,424.9797599518904,,,1,79,61,40,40,64.67131354095181,0.8186242220373647,96,7.15771933295764,0.09060404218933722,0.8186242220373647,72.09851099998923
90171,1.0,344.53594542710846,,,1,71,50,35,35,52.31367929029511,0.7368123843703537,86,6.508773668843787,0.0916728685752646,0.7368123843703537,59.05850949999876
90172,1.0,350.98038062262566,,,1,65,50,32,32,53.36758104292676,0.8210397083527193,84,5.822166040947195,0.08957178524534147,0.8210397083527193,59.41725683299592
90173,1.0,269.565073189994,,,1,55,39,26,26,41.62575750122778,0.7568319545677779,67,4.433792917989194,0.08061441669071262,0.7568319545677779,46.23705383297056
90174,1.0,263.9028799504657,,,1,55,43,25,25,44.395806828688364,0.807196487794334,66,4.894087964086793,0.08898341752885079,0.807196487794334,49.483800416986924
90175,1.0,285.0143512083176,,,1,54,41,29,29,42.507596871757414,0.7871777198473595,69,4.5207568377954885,0.08371771921843497,0.7871777198473595,47.19782041601138
90176,1.0,244.04117900831534,,,1,54,34,17,17,35.45096816599835,0.6564994104814509,62,2.9798213758622296,0.05518187733078203,0.6564994104814509,38.56699591700453
90177,1.0,295.994626231918,,,1,55,37,23,23,40.33588150382275,0.7333796637058682,70,4.102936080133077,0.0745988378206014,0.7333796637058682,44.60017966700252
90178,1.0,274.945857264053,,,1,51,41,24,24,42.57765462715179,0.8348559730814076,65,4.669508375925943,0.09155898776325379,0.8348559730814076,47.42597083299188
90179,1.0,251.98954325258788,,,1,50,34,18,18,35.91673703992274,0.7183347407984547,62,2.682336838042829,0.053646736760856586,0.7183347407984547,38.71792008401826
90180,1.0,315.0654836397328,,,1,64,46,29,29,48.393109085271135,0.7561423294573615,76,5.750396206858568,0.08984994073216512,0.7561423294573615,54.359126166964415
90181,1.0,273.2058904770147,,,1,54,38,23,23,40.04210191796301,0.7415204058882039,67,4.665840832924005,0.08640445986896304,0.7415204058882039,44.89462795801228
90182,1.0,323.0238097104409,,,1,64,42,28,28,43.55808829219313,0.6805951295655177,79,4.82513387221843,0.07539271675341297,0.6805951295655177,48.564840084000025
90183,1.0,387.21882636522935,,,1,74,61,47,47,63.97445778484689,0.8645196997952282,90,7.978087836760096,0.10781199779405536,0.8645196997952282,72.22509587497916
90184,1.0,288.74817941646427,,,1,56,40,27,27,42.46774271002505,0.7583525483933045,70,4.904568795929663,0.08758158564160112,0.7583525483933045,47.55240829102695
90185,1.0,276.70613591481185,,,1,57,42,26,26,45.55979408614803,0.7992946330903163,69,5.02046387270093,0.08807831355615665,0.7992946330903163,50.77151379099814
90186,1.0,248.2938498535819,,,1,49,35,24,24,36.46987379086204,0.7442831385890212,62,3.659022789739538,0.07467393448448037,0.7442831385890212,40.27075550000882
90187,1.0,298.3088124623346,,,1,61,42,22,22,43.405803496192675,0.7115705491179127,75,3.8328667526948266,0.06283388119171847,0.7115705491179127,47.403026916028466
90188,1.0,256.1145364877228,,,1,52,36,26,26,37.99469070928171,0.7306671290246484,63,3.892717250972055,0.07485994713407798,0.7306671290246484,42.03905133303488
90189,1.0,432.95269781474633,,,1,80,59,35,35,62.656737922050525,0.7832092240256315,100,7.56072483578464,0.094509060447308,0.7832092240256315,70.51397833396913
90190,1.0,292.3059013446618,,,1,60,43,29,29,44.744054877897725,0.7457342479649621,73,4.7223695809952915,0.07870615968325485,0.7457342479649621,49.64779570797691
90191,1.0,260.04534083596104,,,1,50,35,20,20,36.786110583751,0.7357222116750199,63,3.3925789540517144,0.06785157908103429,0.7357222116750199,40.32415837497683
90192,1.0,360.1835832735212,,,1,68,51,24,24,54.382522621483076,0.7997429797276923,83,5.899031089502387,0.08675045719856452,0.7997429797276923,60.537428666022606
90193,1.0,254.65350916154867,,,1,46,28,18,18,31.82181529176887,0.6917785932993233,61,2.787069915095344,0.06058847641511618,0.6917785932993233,34.72256958304206
90194,1.0,267.9794968119512,,,1,55,38,19,19,41.17390958103351,0.748616537836973,68,3.859847914252896,0.07017905298641629,0.748616537836973,45.19746429199586
90195,1.0,248.40603642576468,,,1,54,40,24,24,42.325551126210485,0.7838065023372311,63,4.69995103997644,0.08703613036993409,0.7838065023372311,47.217041875002906
90196,1.0,239.73587093784542,,,1,52,34,14,14,35.50499125214992,0.6827882933105754,64,3.8877463339013048,0.07476435257502509,0.6827882933105754,39.579487500013784
90197,1.0,315.98308032811036,,,1,66,48,32,32,50.4151231686119,0.7638655025547257,78,6.19787691422971,0.09390722597317742,0.7638655025547257,56.839939291996416
90198,1.0,320.9896092002691,,,1,60,44,30,30,49.43289399618516,0.823881566603086,76,5.322898502869066,0.08871497504781777,0.823881566603086,54.96196545800194
90199,1.0,348.0993724073716,,,1,72,52,40,40,55.45099370699609,0.7701526903749456,86,7.325974380306434,0.10174964417092269,0.7701526903749456,63.04387462500017
