seed,R,T,policy_cost,hungarian_distance_only_cost,hungarian_kappa_cost,milp_objective,serve_all_flag,n_unserved_tasks,term_travel_time,term_makespan,term_balance,n_decisions,n_commitments,cost_is_from_failed_rollout,greedy_served_all,greedy_n_unserved,kappa_served_all,kappa_n_unserved,greedy_term_travel_time,greedy_term_makespan,greedy_term_balance,kappa_term_travel_time,kappa_term_makespan,kappa_term_balance,expert_replay_cost,epoch_count,simulator_failure
96000,10,30,172.63829330260438,196.57727905629912,195.98186094818126,,1,0,1429.3910966088035,215.485857174621,42.94698047114068,44,30,0,1,0,1,0,1452.6320674263475,234.16249324145753,68.76159437464358,1452.7828609995145,233.30216350136465,68.18913696322318,,44,0
96001,10,30,187.26913498540708,253.59175034411783,253.63701963820904,,1,0,1635.7407464188398,235.4963282139954,38.191572049979726,48,30,0,1,0,1,0,1700.8724803311536,269.71184296397126,115.67734874983921,1706.1954849568367,269.66934138178675,115.27014958091326,,48,0
96002,10,30,246.9062192198457,289.28988474390326,285.76861349940344,,1,0,2185.1142825353886,302.28249915065595,50.57730958508853,61,30,0,1,0,1,0,2181.76025455595,318.1898118920326,106.25964054124884,2180.093072629706,314.448208270306,102.64465819048354,,61,0
96003,10,30,143.06814752331053,213.74393645115515,225.0584248843702,,1,0,1276.0253428590734,191.10929578373245,22.910730874728642,39,30,0,1,0,1,0,1370.5014428719505,231.38780335098272,101.87537587458183,1396.5841301685114,236.38780335098272,114.01323840498253,,39,0
96004,10,30,182.66414409079366,219.19598278382148,237.57913822358728,,1,0,1696.0490060770057,246.44233535201047,22.295693304057806,50,30,0,1,0,1,0,1667.6680917779279,264.96925506405825,70.96324188543613,1684.265746193422,269.5880835894522,94.24865433785448,,50,0
96005,10,30,208.08597896334965,243.4451172545887,242.8480181438938,,1,0,1748.269360983748,251.51267868520424,52.27348215358637,51,30,0,1,0,1,0,1716.1351562850618,261.6732589386277,102.48106289410958,1716.1733819132482,261.6732589386277,101.6202817265426,,51,0
96006,10,30,160.451781852792,193.6299946398119,189.43313537073024,,1,0,1301.7129592469896,209.17335863132365,39.30063883555971,42,30,0,1,0,1,0,1282.684986555746,219.2411069351155,85.2102563577461,1283.874674091385,221.0309474340955,78.45957995177733,,42,0
96007,10,30,195.60277194748943,217.83631039386435,221.0565023489139,,1,0,1626.349471972409,242.30926486576675,48.66984762101379,49,30,0,1,0,1,0,1603.7915807728368,263.72169098995283,75.28259181513846,1618.3099131954184,263.72169098995283,78.57817570563537,,49,0
96008,10,30,132.4775645712425,149.6595801855524,149.6595801855524,,1,0,1087.0500423411363,178.83143663422763,29.21564733556974,36,30,0,1,0,1,0,1067.7380697196722,181.95809096806738,54.57446508293856,1067.7380697196722,181.95809096806738,54.57446508293856,,36,0
96009,10,30,148.68873718294262,202.49845969544162,208.49400084602368,,1,0,1396.9306970634045,206.78822318606302,14.524674601558985,42,30,0,1,0,1,0,1385.8727292579672,227.59852083073983,85.62848750394498,1409.8367331710685,229.79844284143576,91.28748650344625,,42,0
96010,10,30,215.48389899614276,290.9102197005217,290.94191045136085,,1,0,2069.0004320223015,277.03309815435983,24.775354686154515,56,30,0,1,0,1,0,2108.640611744444,312.22835268903333,117.32584889816283,2108.0072530314283,310.7104457561409,117.95187873788404,,56,0
96011,10,30,179.55181894093738,197.02777842601495,198.25638059608514,,1,0,1453.3583307037968,217.33871739306187,50.04317134852732,44,30,0,1,0,1,0,1478.3023669303702,228.60261880486104,68.97488824572099,1472.253873006355,227.6434019276063,71.62228442690642,,44,0
96012,10,30,173.02016412053953,229.28210778532292,251.54521819105355,,1,0,1597.2060405346176,229.51018061244955,23.31887728301359,46,30,0,1,0,1,0,1546.7270266337093,260.9720358317758,97.88155347637587,1596.3736921900254,281.2962727073458,118.30777861209964,,46,0
96013,10,30,206.36522317372555,252.78719741154703,242.54685310258145,,1,0,1756.955099262995,252.3192703799612,48.730828878044605,51,30,0,1,0,1,0,1742.4516224055105,274.0264791172135,109.23399766261042,1743.8399678365927,265.65150523634816,97.28789116398309,,51,0
96014,10,30,163.68437031892677,186.261249820841,186.90301401020602,,1,0,1353.188802551795,221.7312450172706,34.91039632625399,45,30,0,1,0,1,0,1277.7705932359563,217.7912128030409,75.57922498426613,1289.693432388901,213.98522865263377,76.7205808128233,,45,0
96015,10,30,177.73029358966653,223.19749136339377,220.5651841528009,,1,0,1569.375779893883,233.04952642113085,31.408155024607282,47,30,0,1,0,1,0,1612.363651814711,245.66478255978427,88.41279524043131,1613.0559404688834,245.66478255978427,84.57014484866724,,47,0
96016,10,30,159.3948579637104,198.32693178879197,198.77367569459804,,1,0,1344.6384385050865,214.61184819615124,31.984879014356522,43,30,0,1,0,1,0,1298.470003282444,218.156951842828,90.88349680946175,1294.9697202413556,220.94974556894726,90.88349680946175,,43,0
96017,10,30,128.53727986389563,150.9819008661243,161.07348788366397,,1,0,1032.5536023503266,181.79772363862398,27.521207847290427,37,30,0,1,0,1,0,918.3645125697689,171.76268393275387,73.6444936229083,963.951423685367,176.91948801125267,82.18878531199957,,37,0
96018,10,30,174.89214638108945,222.36452613721218,221.4413380133318,,1,0,1545.1352714413144,230.7654096503963,30.33666095637139,47,30,0,1,0,1,0,1544.512979758309,265.4989891846319,86.59352723637207,1545.5219918193488,265.4989891846319,85.17577821674735,,47,0
96019,10,30,141.71025830928394,196.00910010651427,195.67105616106156,,1,0,1165.328167009395,200.06449125858884,28.001994353159887,41,30,0,1,0,1,0,1237.5947698208056,227.57954133129275,89.87902262409898,1251.4366014483403,227.57954133129275,88.1277396088417,,41,0
96020,10,30,202.7896077596185,244.65788991708487,241.83905463146715,,1,0,1811.9853548489484,254.4916599968741,37.816282251959876,51,30,0,1,0,1,0,1817.0840008096773,267.698392266984,92.91538348870876,1817.8195857706626,270.0549319960307,87.98962573614898,,51,0
96021,10,30,148.04840566160462,204.33731229645775,187.20998454514555,,1,0,1289.0989413225527,200.16943083271508,25.746121443895078,41,30,0,1,0,1,0,1281.147158007013,220.42985595822276,100.31465739070953,1264.4892013063184,216.7161612774663,78.52618370078483,,41,0
96022,10,30,174.34003058714572,223.53817771790256,223.5390433845219,,1,0,1456.0408489258548,227.23420978386704,38.90806174357135,46,30,0,1,0,1,0,1480.5160692515199,247.54112602797582,100.31434613793559,1480.5296589943669,247.54112602797582,100.31434613793559,,46,0
96023,10,30,221.9676703124348,218.16663302615547,223.80067565221665,,1,0,1941.3795321258647,266.61956607050973,49.341596801592175,54,30,0,1,0,1,0,1784.8691096628495,253.5986090563326,62.681298332984056,1788.109011604645,259.3955340508523,68.47822332750377,,54,0
96024,10,30,144.94328501778733,139.91848683984733,142.77258425155054,,1,0,1095.356542864173,193.90458036875566,41.164041442802414,39,30,0,1,0,1,0,1060.2473770789265,182.53901218986653,41.0737599379608,1064.0280008597215,185.5369052217267,43.79361195206923,,39,0
96025,10,30,187.24508782151656,219.7676948407306,203.03487620167925,,1,0,1562.6574894129542,231.07453254241284,46.3634355236766,47,30,0,1,0,1,0,1490.3317710972572,229.3228593025571,100.27557697212075,1530.6326163142269,238.83595593815727,69.29033210121014,,47,0
96026,10,30,179.69457268979977,229.46932783850843,229.49170599634786,,1,0,1552.282890000889,228.62327729531484,37.315564538875236,46,30,0,1,0,1,0,1618.0272610006496,248.83209571443433,95.80912384845038,1618.3785664612374,248.83209571443433,95.80912384845038,,46,0
96027,10,30,213.97094346758658,281.59599661465927,281.5821218991618,,1,0,1926.025701261986,256.6272666158375,42.70479219342457,52,30,0,1,0,1,0,1950.8910045838895,304.8524403193206,120.9197766462203,1950.6731911537872,304.8524403193206,120.9197766462203,,52,0
96028,10,30,194.90158021875195,225.28450632989694,224.305623591376,,1,0,1597.5783447129538,244.49165200450614,49.54306031565858,49,30,0,1,0,1,0,1597.6931171347817,253.6798496301654,89.99142401593349,1599.191590247656,253.6798496301654,88.4489466637281,,49,0
96029,10,30,217.37352732205537,249.40427095154087,250.31249310959953,,1,0,1862.1174593044484,262.63704033085924,51.365804584381834,53,30,0,1,0,1,0,1842.4630266785086,277.1009474086116,94.17167116085398,1846.8029931379615,278.51446549434354,94.59206550059983,,53,0
96030,10,30,170.17006267411148,205.56713217892138,208.01088864562473,,1,0,1566.5656105026674,225.40897940473482,23.4411486343663,46,30,0,1,0,1,0,1611.3072143602863,251.25146881166447,61.27316640794541,1614.8956005337495,255.63840988049034,62.943213499329914,,46,0
96031,10,30,162.31041998378257,177.33322156419416,177.33322156419416,,1,0,1344.5258119396253,204.3965456056548,39.69825431011114,41,30,0,1,0,1,0,1360.7320953430406,215.80579437334376,55.856938406481845,1360.7320953430406,215.80579437334376,55.856938406481845,,41,0
96032,10,30,212.64740392625532,289.161711770024,289.1617691913,,1,0,1939.1752990801708,264.2509515644514,36.97711297874085,53,30,0,1,0,1,0,2049.796619508191,320.9050339285714,117.209820489994,2049.797520941094,320.9050339285714,117.209820489994,,53,0
96033,10,30,160.32799094403111,205.0304612420514,205.02273679562836,,1,0,1423.1134628106204,211.30080306586154,27.287481389520423,43,30,0,1,0,1,0,1360.2364239873757,222.83282442845635,93.24923149477632,1357.8210928816534,223.01144991228412,93.3975412636056,,43,0
96034,10,30,202.3245482112745,204.46903167729988,245.86763657303237,,1,0,1645.813430068228,241.34801740865518,56.87146897535226,49,30,0,1,0,1,0,1589.0317112317948,235.47289599909325,67.16627596733952,1656.065734796547,271.2254012947335,108.16424700073975,,49,0
96035,10,30,157.36928559532328,210.24642908312478,203.76215779514604,,1,0,1363.0059036700443,205.97991556101428,30.368737659741896,42,30,0,1,0,1,0,1359.697278102942,213.04111818945282,104.15858194707336,1338.3029038735021,213.04111818945282,96.80545969357237,,42,0
96036,10,30,121.35742145970366,139.19288558602824,139.323970054918,,1,0,1019.7117155056028,172.74961220056485,21.502409441925778,35,30,0,1,0,1,0,953.484534402567,163.67716131966898,56.29021889465625,955.5423753584502,163.67716131966898,56.29021889465625,,35,0
96037,10,30,138.95933281932795,195.7218469720068,195.75453183546267,,1,0,1222.6965675954943,185.96969132520573,23.658333788529248,38,30,0,1,0,1,0,1346.365830924653,219.95011704882307,82.14544935218753,1346.878937101354,219.95011704882307,82.14544935218753,,38,0
96038,10,30,156.22584801654054,230.43941905022285,230.4373455657563,,1,0,1387.3107282655267,213.5224434597469,23.907354895016766,43,30,0,1,0,1,0,1389.3510770463802,248.1426084421317,118.35342130358254,1389.318526269825,248.1426084421317,118.35342130358254,,43,0
96039,10,30,185.9428842809879,230.18015743880815,229.72315240013342,,1,0,1726.9726235102041,237.31281842827852,27.318182777152458,48,30,0,1,0,1,0,1758.2031049598177,268.94310041150516,77.0855192737815,1760.1405396488174,268.94310041150516,76.25218168819066,,48,0
96040,10,30,155.58563053452488,189.64263589297008,184.14855113462949,,1,0,1121.8342925347388,201.63807075770137,51.35962201344611,41,30,0,1,0,1,0,1144.3715864214716,229.17107658246493,88.71635559719634,1138.5683046541758,229.17107658246493,81.35897482223027,,41,0
96041,10,30,180.1817331415354,242.53741975275176,245.6652436351545,,1,0,1601.181569233913,225.76434482238957,34.52717486421554,46,30,0,1,0,1,0,1644.9914826979855,271.06304934093714,104.45160527341469,1647.110649405054,271.06304934093714,108.74856573739532,,46,0
96042,10,30,149.1742622987893,197.50480642662717,195.24996173370877,,1,0,1329.7697578520724,199.6464678403996,23.82298023759435,40,30,0,1,0,1,0,1350.5788354020801,207.30483400324303,88.67370483494179,1356.5820527647224,205.02594132031672,85.67187974728498,,40,0
96043,10,30,161.66516285556736,167.01816336998786,168.2866834873845,,1,0,1265.1813357661154,211.88438217213775,43.45044784262336,43,30,0,1,0,1,0,1148.5799652141159,207.76016803224582,63.22000185458164,1168.4939387996203,207.76016803224582,63.22000185458164,,43,0
96044,10,30,150.24559628097427,188.58219385912594,187.14532067801008,,1,0,1250.76275034959,198.63240895959444,32.93604797587166,40,30,0,1,0,1,0,1257.2135823297042,201.45112541244686,86.41738519859153,1253.3625708781988,200.17849511056184,85.14475489670652,,40,0
96045,10,30,218.3638544379675,277.5239773135862,267.9643880969488,,1,0,2041.2174273565474,277.0254103501737,31.45385630062276,56,30,0,1,0,1,0,2045.4568201378836,298.11248370375233,108.74516048620711,2046.5586092882174,300.82785583885925,93.98432857879521,,56,0
96046,10,30,161.64896633168,191.58258131252012,183.17521358140078,,1,0,1353.7192588584626,214.61640587645073,34.389139143177374,43,30,0,1,0,1,0,1251.4416879147518,226.9495954051793,82.47413182223752,1219.883317847002,217.07833275571681,76.68810055954894,,43,0
96047,10,30,127.88223548716839,157.43385151514903,158.62946971561996,,1,0,1139.7010574308251,182.09941094008633,16.67744348225716,37,30,0,1,0,1,0,1164.2904979557075,194.81372863582504,52.4798487702794,1166.0897730505499,194.81372863582504,54.03190099846242,,37,0
96048,10,30,192.21411751427766,222.38317594115279,219.85399753269712,,1,0,1655.9593968543727,235.28196605392523,43.51599206736947,48,30,0,1,0,1,0,1624.2265924404653,249.0815730112632,84.98231269862777,1618.2257225300546,254.7342752102784,79.9536824294442,,48,0
96049,10,30,160.74501197329448,203.0851332632003,202.22312538483652,,1,0,1408.754900669313,216.9002861421495,27.271552309794373,44,30,0,1,0,1,0,1393.740608390471,225.07683885497437,86.61942649146363,1392.4604760452792,224.90301679185998,85.55872165694785,,44,0
96050,10,30,150.85041757015998,172.8982532447377,185.83326947408784,,1,0,1315.0899774805582,192.83761294426736,29.91633369793692,39,30,0,1,0,1,0,1341.21495211462,195.10744743358407,58.400710553428496,1363.7459576922274,204.45635103175957,71.69277672889731,,39,0
96051,10,30,193.99070186151815,264.23582432828584,254.10536861515266,,1,0,1831.6844659172746,258.7659781003976,21.910006940577745,52,30,0,1,0,1,0,1830.0454951383606,291.9262162242604,111.49751563157878,1829.172086326893,287.7382735288913,98.47447052965032,,52,0
96052,10,30,180.27165511999044,200.54366142282936,201.98266957711581,,1,0,1387.3319447038616,219.2456798892529,56.45871673354145,44,30,0,1,0,1,0,1415.2311122243964,235.85401608958824,77.29453914695196,1419.239341476577,235.85401608958824,78.9940135919233,,44,0
96053,10,30,181.25583231401365,201.31024223342155,215.18486121556063,,1,0,1500.5399288827048,231.30090595756363,43.367525621768266,47,30,0,1,0,1,0,1494.106453362783,226.70365170390377,74.33183844309565,1507.505027067646,241.1595278269758,88.04987253186329,,47,0
96054,10,30,187.40413695512532,225.07708054515697,219.01174139195,,1,0,1511.4604529994199,237.26596105179271,49.14246753602637,48,30,0,1,0,1,0,1456.4123448721093,246.6899981690832,105.02132464588291,1460.8697591998935,235.77350790817843,99.66381986293698,,48,0
96055,10,30,194.15400732274534,220.65131634291396,224.42191981898995,,1,0,1619.6988857576414,239.52227651768516,48.15756840063554,48,30,0,1,0,1,0,1578.2582159079352,245.7585127121503,87.84404399311535,1588.468484410477,250.31263295983217,90.75593392429977,,48,0
96056,10,30,156.40789447228317,216.34728233984268,212.62025285390172,,1,0,1390.7803671163265,199.0691855949098,28.827558336416104,40,30,0,1,0,1,0,1488.2185440459639,234.98386414730834,93.60894538634633,1491.00757916612,232.93934075390268,88.7066994231644,,40,0
96057,10,30,152.14519428907926,193.81352647762998,193.81352647762998,,1,0,1336.2702974439924,204.6750550588921,25.76266782307914,41,30,0,1,0,1,0,1344.6498668517756,207.088617163137,83.99063828205539,1344.6498668517756,207.088617163137,83.99063828205539,,41,0
96058,10,30,130.84818944951672,154.4462983563746,154.91163354283418,,1,0,1114.3369684312581,185.86977820653436,21.957432514743175,38,30,0,1,0,1,0,1025.4387974541614,187.8739526658406,63.27878407649095,1025.400326856099,188.3735636490256,63.778395059676,,38,0
96059,10,30,165.3937334239596,221.86687964227818,221.7820612758153,,1,0,1484.108319120275,214.98988628459364,27.712072885789667,43,30,0,1,0,1,0,1560.9665613004843,243.68163607609748,91.88579089215958,1559.6350327845832,243.68163607609748,91.88579089215958,,43,0
